{"cameraMode":{"drawMode":0,"name":"Shaded","section":"Shading Mode"},"sceneLighting":false,"audioPlay":false,"sceneViewState":{"m_AlwaysRefresh":false,"showFog":true,"showSkybox":false,"showFlares":true,"showImageEffects":true,"showParticleSystems":true,"showVisualEffectGraphs":true,"m_FxEnabled":true},"in2DMode":false,"pivot":{"x":0.06395506858825684,"y":-0.0016859471797943116,"z":0.006555430591106415},"rotation":{"x":-0.4252402186393738,"y":-0.017106814309954644,"z":0.008039118722081185,"w":-0.9048871397972107},"size":0.4058367609977722,"orthographic":false}