{"cameraMode":{"drawMode":0,"name":"Shaded","section":"Shading Mode"},"sceneLighting":true,"audioPlay":false,"sceneViewState":{"m_AlwaysRefresh":false,"showFog":true,"showSkybox":false,"showFlares":true,"showImageEffects":true,"showParticleSystems":true,"showVisualEffectGraphs":true,"m_FxEnabled":true},"in2DMode":false,"pivot":{"x":-1.3274710178375245,"y":-0.5346150398254395,"z":0.07317733764648438},"rotation":{"x":0.06434512138366699,"y":-0.05834510177373886,"z":0.003768531372770667,"w":0.996214747428894},"size":18.186532974243165,"orthographic":false}