{"cameraMode":{"drawMode":0,"name":"Shaded","section":"Shading Mode"},"sceneLighting":false,"audioPlay":false,"sceneViewState":{"m_AlwaysRefresh":false,"showFog":true,"showSkybox":false,"showFlares":true,"showImageEffects":true,"showParticleSystems":true,"showVisualEffectGraphs":true,"m_FxEnabled":true},"in2DMode":false,"pivot":{"x":0.06375905871391297,"y":-0.0327228307723999,"z":0.000007234513759613037},"rotation":{"x":-0.4252402186393738,"y":-0.017106814309954644,"z":0.008039118722081185,"w":-0.9048871397972107},"size":0.2804388999938965,"orthographic":false}