{"cameraMode":{"drawMode":0,"name":"Shaded","section":"Shading Mode"},"sceneLighting":false,"audioPlay":false,"sceneViewState":{"m_AlwaysRefresh":false,"showFog":true,"showSkybox":false,"showFlares":true,"showImageEffects":true,"showParticleSystems":true,"showVisualEffectGraphs":true,"m_FxEnabled":true},"in2DMode":false,"pivot":{"x":0.14958825707435609,"y":1.797348976135254,"z":2.1340723037719728},"rotation":{"x":0.00974426418542862,"y":0.9385926127433777,"z":-0.34400662779808047,"w":0.026567988097667695},"size":1.1696313619613648,"orthographic":false}