{"cameraMode":{"drawMode":0,"name":"Shaded","section":"Shading Mode"},"sceneLighting":false,"audioPlay":false,"sceneViewState":{"m_AlwaysRefresh":false,"showFog":true,"showSkybox":false,"showFlares":true,"showImageEffects":true,"showParticleSystems":true,"showVisualEffectGraphs":true,"m_FxEnabled":true},"in2DMode":false,"pivot":{"x":-0.585012674331665,"y":-0.18508005142211915,"z":0.5053958892822266},"rotation":{"x":-0.06435462087392807,"y":0.8419644236564636,"z":-0.10307399928569794,"w":-0.5257605314254761},"size":1.1696313619613648,"orthographic":false}